{
    "Ar36": {
        "error": 0.0012906717701277768, 
        "filter_outliers_dict": {
            "filter_outliers": true, 
            "iterations": 2, 
            "std_devs": 2
        }, 
        "fit": "Parabolic", 
        "value": 0.4295449037316149
    }, 
    "Ar37": {
        "error": 0.011431877401516598, 
        "filter_outliers_dict": {
            "filter_outliers": true, 
            "iterations": 2, 
            "std_devs": 2
        }, 
        "fit": "linear", 
        "value": 1.9796236484391678
    }, 
    "Ar38": {
        "error": 0.013824534181988615, 
        "filter_outliers_dict": {
            "filter_outliers": true, 
            "iterations": 2, 
            "std_devs": 2
        }, 
        "fit": "linear", 
        "value": 0.17233259402490014
    }, 
    "Ar39": {
        "error": 0.02202612707438056, 
        "filter_outliers_dict": {
            "filter_outliers": true, 
            "iterations": 2, 
            "std_devs": 2
        }, 
        "fit": "Parabolic", 
        "value": 5.567727975226909
    }, 
    "Ar40": {
        "error": 0.028894919926734604, 
        "filter_outliers_dict": {
            "filter_outliers": true, 
            "iterations": 2, 
            "std_devs": 2
        }, 
        "fit": "Parabolic", 
        "value": 157.86307270796084
    }
}