{
    "Ar36": {
        "error": 0.0016607031934410777, 
        "filter_outliers_dict": {
            "filter_outliers": true, 
            "iterations": 2, 
            "std_devs": 2
        }, 
        "fit": "Parabolic", 
        "value": 0.5993863282754636
    }, 
    "Ar37": {
        "error": 0.011535193757700981, 
        "filter_outliers_dict": {
            "filter_outliers": true, 
            "iterations": 2, 
            "std_devs": 2
        }, 
        "fit": "linear", 
        "value": 7.811583490246388
    }, 
    "Ar38": {
        "error": 0.013079180881737986, 
        "filter_outliers_dict": {
            "filter_outliers": true, 
            "iterations": 2, 
            "std_devs": 2
        }, 
        "fit": "linear", 
        "value": 0.21591055198387576
    }, 
    "Ar39": {
        "error": 0.023662903258329076, 
        "filter_outliers_dict": {
            "filter_outliers": true, 
            "iterations": 2, 
            "std_devs": 2
        }, 
        "fit": "Parabolic", 
        "value": 3.400949080477967
    }, 
    "Ar40": {
        "error": 0.03750746183795253, 
        "filter_outliers_dict": {
            "filter_outliers": true, 
            "iterations": 2, 
            "std_devs": 2
        }, 
        "fit": "Parabolic", 
        "value": 300.3148942386247
    }
}