{
    "Ar36": {
        "error": 0.000585069885336224, 
        "filter_outliers_dict": {
            "filter_outliers": true, 
            "iterations": 2, 
            "std_devs": 2
        }, 
        "fit": "Parabolic", 
        "value": 0.11562602163212046
    }, 
    "Ar37": {
        "error": 0.011062278579415602, 
        "filter_outliers_dict": {
            "filter_outliers": true, 
            "iterations": 2, 
            "std_devs": 2
        }, 
        "fit": "linear", 
        "value": 0.5115336929349457
    }, 
    "Ar38": {
        "error": 0.013318965823443739, 
        "filter_outliers_dict": {
            "filter_outliers": true, 
            "iterations": 2, 
            "std_devs": 2
        }, 
        "fit": "linear", 
        "value": 0.012133619602088397
    }, 
    "Ar39": {
        "error": 0.02324640257096058, 
        "filter_outliers_dict": {
            "filter_outliers": true, 
            "iterations": 2, 
            "std_devs": 2
        }, 
        "fit": "Parabolic", 
        "value": 3.8720539636360582
    }, 
    "Ar40": {
        "error": 0.021576457651850674, 
        "filter_outliers_dict": {
            "filter_outliers": true, 
            "iterations": 2, 
            "std_devs": 2
        }, 
        "fit": "Parabolic", 
        "value": 35.55743127069632
    }
}