{
    "Ar36": {
        "error": 0.0008839573357145304, 
        "filter_outliers_dict": {
            "filter_outliers": true, 
            "iterations": 2, 
            "std_devs": 2
        }, 
        "fit": "Parabolic", 
        "value": 0.1819403193029277
    }, 
    "Ar37": {
        "error": 0.01137836083121413, 
        "filter_outliers_dict": {
            "filter_outliers": true, 
            "iterations": 2, 
            "std_devs": 2
        }, 
        "fit": "linear", 
        "value": 1.8317316215727466
    }, 
    "Ar38": {
        "error": 0.012511207711724426, 
        "filter_outliers_dict": {
            "filter_outliers": true, 
            "iterations": 2, 
            "std_devs": 2
        }, 
        "fit": "linear", 
        "value": 0.029073690077709883
    }, 
    "Ar39": {
        "error": 0.025897307070040104, 
        "filter_outliers_dict": {
            "filter_outliers": true, 
            "iterations": 2, 
            "std_devs": 2
        }, 
        "fit": "Parabolic", 
        "value": 2.687414609701517
    }, 
    "Ar40": {
        "error": 0.02361619271466938, 
        "filter_outliers_dict": {
            "filter_outliers": true, 
            "iterations": 2, 
            "std_devs": 2
        }, 
        "fit": "Parabolic", 
        "value": 53.90913191861407
    }
}