{
    "Ar36": {
        "error": 0.0008083440157613697, 
        "filter_outliers_dict": {
            "filter_outliers": true, 
            "iterations": 2, 
            "std_devs": 2
        }, 
        "fit": "Parabolic", 
        "value": 0.13314334446872197
    }, 
    "Ar37": {
        "error": 0.010717174770581523, 
        "filter_outliers_dict": {
            "filter_outliers": true, 
            "iterations": 2, 
            "std_devs": 2
        }, 
        "fit": "linear", 
        "value": 1.5654936810387592
    }, 
    "Ar38": {
        "error": 0.012420109436688214, 
        "filter_outliers_dict": {
            "filter_outliers": true, 
            "iterations": 2, 
            "std_devs": 2
        }, 
        "fit": "linear", 
        "value": -0.07849366398716173
    }, 
    "Ar39": {
        "error": 0.024048388567723122, 
        "filter_outliers_dict": {
            "filter_outliers": true, 
            "iterations": 2, 
            "std_devs": 2
        }, 
        "fit": "Parabolic", 
        "value": 0.8227028819004596
    }, 
    "Ar40": {
        "error": 0.021993121472231338, 
        "filter_outliers_dict": {
            "filter_outliers": true, 
            "iterations": 2, 
            "std_devs": 2
        }, 
        "fit": "Parabolic", 
        "value": 40.156415260169084
    }
}